source,target,tgt_lng
Widrow,Widrow,
reinforcement learning algorithm,algoritmo de aprendizaje por refuerzo,
punish/reward,castigo/recompensa,
bootstrapping,bootstrapping,
Barto,Barto,
Sutton,Sutton,
Anderson,Anderson,
credit assignment,asignación de crédito,
Albus,Albus,
adaptive CMAC,CMAC adaptativo,
distributed table-look-up system,sistema distribuido de consulta de tablas,
Grossberg,Grossberg,
Adaptive Resonance Theory,Teoría de la Resonancia Adaptativa,
ART,ART,
Carpenter,Carpenter,
ART 1,ART 1,
ART 2,ART 2,
ART 3,ART 3,
pattern clustering algorithms,algoritmos de agrupamiento de patrones,
self-organizing feature maps,mapas autoorganizados de características,
Hopfield,Hopfield,
outer product rules,reglas de producto exterior,
Hopfield models,modelos de Hopfield,
sigmoid,sigmoide,
hyperbolic tangent,tangente hiperbólica,
smooth nonlinear functions,funciones no lineales suaves,
linear adaptive element,elemento adaptativo lineal,
squashing functions,funciones de compresión,
activation functions,funciones de activación,
transfer characteristics,características de transferencia,
threshold functions,funciones de umbral,
Stanford,Stanford,
backpropagation algorithm,algoritmo de retropropagación,
minimal disturbance principle,principio de perturbación mínima,
error correction rules,reglas de corrección de errores,
steepest-descent rules,reglas de descenso más pronunciado,
neural network,red neuronal,
Lippmann,Lippmann,
Rosenfeld,Rosenfeld,
Nilsson’s monograph,monografía de Nilsson,
Rumelhart,Rumelhart,
McClelland,McClelland,
Moore,Moore,
Grossberg’s terminology,terminología de Grossberg,
DARPA Study report,informe de estudio de DARPA,
computer vision,visión por computadora,
speech-recognition technology,tecnología de reconocimiento de voz,
digital computer,computadora digital,
Perceptron,Perceptrón,
Madaline,Madaline,
Backpropagation,Backpropagación,
BERNARD WIDROW,BERNARD WIDROW,
IEEE,IEEE,
MICHAEL A. LEHR,MICHAEL A. LEHR,
feedforward artificial neural networks,redes neuronales artificiales feedforward,
supervised neural network training algorithms,algoritmos de entrenamiento supervisado de redes neuronales,
Perceptron rule,regla del Perceptrón,
LMS algorithm,algoritmo LMS,
Madaline rules,reglas de Madaline,
backpropagation technique,técnica de backpropagación,
Steinbuch,Steinbuch,
Learning Matrix,Matriz de Aprendizaje,
pattern recognition machine,máquina de reconocimiento de patrones,
linear discriminant functions,funciones discriminantes lineales,
Madaline Rule I (MRI),Regla Madaline I (MRI),
Stark,Stark,
Okajima,Okajima,
Whipple,Whipple,
competitive learning,aprendizaje competitivo,
Rosenblatt,Rosenblatt,
spontaneous learning,aprendizaje espontáneo,
von der Malsburg,von der Malsburg,
Fukushima,Fukushima,
Cognitron,Cognitrón,
Neocognitron,Neocognitrón,
Manuscript received,Manuscrito recibido,
SDIO Innovative Science and Technology office,oficina de Ciencia y Tecnología Innovadora de la SDIO,
ONR,ONR,
Dept. of the Army Belvoir RD&E Center,"Centro de Investigación, Desarrollo e Ingeniería Belvoir del Ejército",
Lockheed Missiles and Space Co.,Lockheed Missiles and Space Co.,
NASA,NASA,
Rome Air Development Center,Centro de Desarrollo Aéreo de Roma,
Information Systems Laboratory,Laboratorio de Sistemas de Información,
Department of Electrical Engineering,Departamento de Ingeniería Eléctrica,
Stanford University,Universidad de Stanford,
CA 94305-4055,CA 94305-4055,
USA,EE. UU.,
IEEE Log Number 9038824,Número de Registro IEEE 9038824,
adaptive antennas,antenas adaptativas,
adaptive inverse controls,controles inversos adaptativos,
adaptive noise cancelling,cancelación adaptativa de ruido,
seismic signal processing,procesamiento de señales sísmicas,
Lucky,Lucky,
Bell Laboratories,Bell Laboratories,
adaptive filters,filtros adaptativos,
adaptive equalization,ecualización adaptativa,
high-speed modems,módems de alta velocidad,
adaptive echo cancellers,canceladores de eco adaptativos,
long-distance telephone circuits,circuitos telefónicos de larga distancia,
satellite circuits,circuitos satelitales,
adaptive signal processing,procesamiento adaptativo de señales,
neural networks,redes neuronales,
feedforward neural network,red neuronal feedforward,
Werbos,Werbos,
backpropagation training algorithm,algoritmo de entrenamiento de retropropagación,
doctoral dissertation,tesis doctoral,
Parker,Parker,
M.L.T.,M.L.T.,
Hinton,Hinton,
Williams,Williams,
backpropagation network,red de retropropagación,
Madaline architectures,arquitecturas Madaline,
hard-limiting quantizers,cuantizadores de limitación dura,
signums,signos,
differentiable nonlinearities,no linealidades diferenciables,
sigmoid functions,funciones sigmoideas,
digital implementations,implementaciones digitales,
Winter,Winter,
Baxter,Baxter,
Madaline I algorithm,algoritmo Madaline I,
Madaline Rule #I,Regla Madaline #I,
David Andes,David Andes,
U.S. Naval Weapons Center,Centro de Armas Navales de EE. UU.,
China Lake,China Lake,
Madaline II,Madaline II,
Adaline,Adaline,
Madaline Rule III (MRIII),Regla Madaline III (MRIII),
error backpropagation,retropropagación de error,
nonlinear systems,sistemas no lineales,
optimal control,control óptimo,
Le Cun,Le Cun,
Pattern Recognition,Reconocimiento de Patrones,
Ph.D. thesis,tesis doctoral,
Tech. Rep.,Informe Técnico,
Stanford Electron. Labs.,Stanford Electron. Labs.,
Vectorcardiographic diagnosis,diagnóstico vectorcardiográfico,
polynomial discriminant method,método discriminante polinomial,
IEEE Trans. Biomed. Eng.,IEEE Trans. Biomed. Eng.,
vol. BME-14,vol. BME-14,
polynomial discriminant functions,funciones discriminantes polinomiales,
IEEE Trans. Electron. Comput.,IEEE Trans. Electron. Comput.,
vol. EC-16,vol. EC-16,
A. R. Barron,A. R. Barron,
Adaptive learning networks,redes de aprendizaje adaptativo,
United States,Estados Unidos,
GMDH,GMDH,
Self-Organizing Methods in Modeling,Self-Organizing Methods in Modeling,
S. J. Farlow,S. J. Farlow,
New York,Nueva York,
Marcel Dekker Inc.,Marcel Dekker Inc.,
Predicted squared error,error cuadrático predicho,
automatic model selection,selección automática de modelos,
R. L. Barron,R. L. Barron,
Statistical learning networks,redes de aprendizaje estadístico,
1988 Symp. on the Interface: Statistics and Computing Science,1988 Symp. on the Interface: Statistics and Computing Science,
Reston,Reston,
A. G. Ivakhnenko,A. G. Ivakhnenko,
Polynomial theory of complex systems,teoría polinomial de sistemas complejos,
"IEEE Trans. Syst., Man, Cybernetics","IEEE Trans. Syst., Man, Cybernetics",
SMC-1,SMC-1,
Y. H. Pao,Y. H. Pao,
Functional link nets,redes de enlace funcional,
hidden layers,capas ocultas,
AI Expert,AI Expert,
C. L. Giles,C. L. Giles,
T. Maxwell,T. Maxwell,
Learning,Aprendizaje,
invariance,invarianza,
generalization,generalización,
high-order neural networks,redes neuronales de alto orden,
Applied Optics,Applied Optics,
vol. 26,vol. 26,
"M. E. Hoff, Jr.","M. E. Hoff, Jr.",
Learning Phenomena in Networks of Adaptive Switching Circuits,Learning Phenomena in Networks of Adaptive Switching Circuits,
W. C. Ridgway III,W. C. Ridgway III,
Adaptive Logic System with Generalizing Properties,Adaptive Logic System with Generalizing Properties,
F. H. Glanz,F. H. Glanz,
Statistical Extrapolation in Certain Adaptive Pattern-Recognition Systems,Statistical Extrapolation in Certain Adaptive Pattern-Recognition Systems,
B. Widrow,B. Widrow,
1st IEEE Intl. Conf. on Neural Networks,1st IEEE Intl. Conf. on Neural Networks,
San Diego,San Diego,
adaptive adaline neuron,neurona adaline adaptativa,
chemical memistors,memistores químicos,
R. D. Griffin,R. D. Griffin,
Encoding geometric invariances in higher order neural networks,Encoding geometric invariances in higher order neural networks,
Neural Information Processing Systems,Neural Information Processing Systems,
D. Z. Anderson,D. Z. Anderson,
American Institute of Physics,American Institute of Physics,
D. Casasent,D. Casasent,
D. Psaltis,D. Psaltis,
"Position, rotation, and scale invariant optical correlation","correlación óptica invariante a posición, rotación y escala",
W.L. Reber,W.L. Reber,
J. Lyman,J. Lyman,
artificial neural system design,diseño de sistema neural artificial,
rotation and scale invariant pattern recognition,reconocimiento de patrones invariante a rotación y escala,
R. G. Winter,R. G. Winter,
Neural nets for adaptive filtering and adaptive pattern recognition,Neural nets for adaptive filtering and adaptive pattern recognition,
IEEE Computer,IEEE Computer,
A. Khotanzad,A. Khotanzad,
Y. H. Hong,Y. H. Hong,
Rotation invariant pattern recognition using zernike moments,Reconocimiento de patrones invariante a rotación utilizando momentos de Zernike,
9th Intl. Conf. on Pattern Recognition,9th Intl. Conf. on Pattern Recognition,
C. von der Malsburg,C. von der Malsburg,
Pattern recognition by labeled graph matching,Reconocimiento de patrones mediante emparejamiento de grafos etiquetados,
vol. 1,vol. 1,
A. Waibel,A. Waibel,
T. Hanazawa,T. Hanazawa,
G. Hinton,G. Hinton,
K. Shikano,K. Shikano,
K. J. Lang,K. J. Lang,
Phoneme recognition using time delay neural networks,Reconocimiento de fonemas usando redes neuronales con retardo temporal,
"IEEE Trans. Acoust., Speech, and Signal Processing","IEEE Trans. Acoust., Speech, and Signal Processing",
vol. ASSP-37,vol. ASSP-37,
C. M. Newman,C. M. Newman,
Memory capacity in neural network models,Capacidad de memoria en modelos de redes neuronales,
Y. S. Abu-Mostafa,Y. S. Abu-Mostafa,
J. St. Jacques,J. St. Jacques,
Information capacity of the Hopfield model,Capacidad de información del modelo de Hopfield,
IEEE Trans. Inform. Theory,IEEE Trans. Inform. Theory,
vol. IT-31,vol. IT-31,
Neural Networks for Computing,Neural Networks for Computing,
Amer. Inst. of Phys. Conf. Proc. No. 151,Amer. Inst. of Phys. Conf. Proc. No. 151,
J. S. Denker,J. S. Denker,
S. S. Venkatesh,S. S. Venkatesh,
Epsilon capacity of neural networks,Capacidad épsilon de redes neuronales,
cerebellar model articulation controller (CMAC),controlador de articulación de modelo cerebeloso (CMAC),
"J. Dyn. Sys., Meas., Contr.","J. Dyn. Sys., Meas., Contr.",
S. Grossberg,S. Grossberg,
Adaptive pattern classification and universal recoding,clasificación adaptativa de patrones y recodificación universal,
Biolog. Cybernetics,Biolog. Cybernetics,
G. A. Carpenter,G. A. Carpenter,
massively parallel architecture,arquitectura masivamente paralela,
self-organizing neural pattern recognition machine,máquina de reconocimiento de patrones neuronal auto-organizada,
"Computer Vision, Graphics, and Image Processing","Computer Vision, Graphics, and Image Processing",
self-organization of stable category recognition codes for analog output patterns,auto-organización de códigos de reconocimiento de categorías estables para patrones de salida analógicos,
Art 3 hierarchical search,Art 3 búsqueda jerárquica,
chemical transmitters in self-organizing pattern recognition architectures,transmisores químicos en arquitecturas de reconocimiento de patrones auto-organizadas,
Proc. Int. Joint Conf. on Neural Networks,Proc. Int. Joint Conf. on Neural Networks,
T. Kohonen,T. Kohonen,
self-organized formation of topologically correct feature maps,formación auto-organizada de mapas de características topológicamente correctos,
Self-Organization and Associative Memory,Auto-Organización y Memoria Asociativa,
Springer-Verlag,Springer-Verlag,
D. O. Hebb,D. O. Hebb,
The Organization of Behavior,La Organización de la Conducta,
Wiley,Wiley,
J. J. Hopfield,J. J. Hopfield,
neural networks and physical systems with emergent collective computational abilities,redes neuronales y sistemas físicos con habilidades computacionales colectivas emergentes,
Proc. Natl. Acad. Sci.,Proc. Natl. Acad. Sci.,
B. Kosko,B. Kosko,
adaptive bidirectional associative memories,memorias asociativas bidireccionales adaptativas,
G. E. Hinton,G. E. Hinton,
R. J. Sejnowski,R. J. Sejnowski,
D. H. Ackley,D. H. Ackley,
Boltzmann machines,máquinas de Boltzmann,
constraint satisfaction networks that learn,redes de satisfacción de restricciones que aprenden,
Tech. Rep. CMU-CS-84-119,Tech. Rep. CMU-CS-84-119,
Carnegie-Mellon University,Universidad Carnegie Mellon,
Dept. of Computer Science,Departamento de Ciencias de la Computación,
G. E. Hinton and T. J. Sejnowski,G. E. Hinton y T. J. Sejnowski,
learning and relearning in Boltzmann machines,aprendizaje y reaprendizaje en máquinas de Boltzmann,
Parallel Distributed Processing,Procesamiento Distribuido en Paralelo,
D. E. Rumelhart,D. E. Rumelhart,
J. L. McClelland,J. L. McClelland,
"Cambridge, MA","Cambridge, MA",
M.I.T. Press,M.I.T. Press,
L.R. Talbert,L.R. Talbert,
real-time adaptive speech-recognition system,sistema de reconocimiento de voz adaptativo en tiempo real,
M. J. C. Hu,M. J. C. Hu,
Application of the Adaline System to Weather Forecasting,Aplicación del Sistema Adaline a la Predicción Meteorológica,
original adaptive neural net broom-balancer,balanceador de escoba de red neuronal adaptativa original,
Proc. IEEE Intl. Symp. Circuits and Systems,Proc. IEEE Intl. Symp. Circuits and Systems,
"Phila., PA","Filadelfia, PA",
B. Widrow and S. D. Stearns,B. Widrow y S. D. Stearns,
"Englewood Cliffs, NJ","Englewood Cliffs, NJ",
Prentice-Hall,Prentice-Hall,
"B. Widrow, P. Mantey, L. Griffiths, and B. Goode","B. Widrow, P. Mantey, L. Griffiths y B. Goode",
adaptive antenna systems,sistemas de antena adaptativos,
Proc. JEEE,Proc. JEEE,
adaptive inverse control,control inverso adaptativo,
Proc. 2d Intl. Fed. of Automatic Control Workshop,Proc. 2d Intl. Fed. of Automatic Control Workshop,
"Lund, Sweden","Lund, Suecia",
Proc. IEEE,Proc. IEEE,
R. W. Lucky,R. W. Lucky,
automatic equalization for digital communication,ecualización automática para comunicación digital,
Bell Syst. Tech. J.,Bell Syst. Tech. J.,
Principles of Data Communication,Principios de Comunicación de Datos,
McGraw-Hill,McGraw-Hill,
M. M. Sondhi,M. M. Sondhi,
adaptive echo canceller,cancelador de eco adaptativo,
P. Werbos,P. Werbos,
Beyond Regression: New Tools for Prediction and Analysis in the Behavioral Sciences,Más Allá de la Regresión: Nuevas Herramientas para la Predicción y el Análisis en las Ciencias del Comportamiento,
Harvard University,Universidad de Harvard,
Y. Le Cun,Y. Le Cun,
theoretical framework for back-propagation,marco teórico para la retropropagación,
Proc. 1988 Connectionist Models Summer School,Actas de la Escuela de Verano de Modelos Conexionistas de 1988,
D. Touretzky,D. Touretzky,
"San Mateo, CA","San Mateo, CA",
Morgan Kaufmann,Morgan Kaufmann,
D. Parker,D. Parker,
Learning-logic,Lógica de Aprendizaje,
Office of Technology Licensing,Oficina de Licencias de Tecnología,
Amer. Inst. of Phys. Conf.,Conf. del Instituto Americano de Física,
J. D. Greenfield,J. D. Greenfield,
Practical Digital Design Using IC‘s,Diseño Digital Práctico Usando CI,
M. Stinchombe,M. Stinchombe,
H. White,H. White,
Proc. Intl. Joint Conf. on Neural Networks,Actas de la Conf. Conjunta Internacional sobre Redes Neuronales,
G. Cybenko,G. Cybenko,
Continuous valued neural networks with two hidden layers are sufficient,Redes neuronales de valor continuo con dos capas ocultas son suficientes,
Tufts University,Universidad de Tufts,
Mar. 1988,marzo de 1988,
B. Irie,B. Irie,
S. Miyake,S. Miyake,
Capabilities of three-layered perceptrons,Capacidades de los perceptrones de tres capas,
Proc. 2d IEEE Intl. Conf. on Neural Networks,Actas de la 2.ª Conf. Internacional IEEE sobre Redes Neuronales,
"San Diego, CA","San Diego, CA",
M. L. Minsky,M. L. Minsky,
S. A. Papert,S. A. Papert,
Perceptrons: An Introduction to Computational Geometry,Perceptrones: Una Introducción a la Geometría Computacional,
M. W. Roth,M. W. Roth,
Survey of neural network technology for automatic target recognition,Encuesta de tecnología de redes neuronales para reconocimiento automático de objetivos,
IEEE Trans. Neural Networks,Trans. IEEE sobre Redes Neuronales,
T. M. Cover,T. M. Cover,
Capacity problems for linear machines,Problemas de capacidad para máquinas lineales,
L. N. Kanal,L. N. Kanal,
Thompson Book Co.,Thompson Book Co.,
E. B. Baum,E. B. Baum,
On the capabilities of multilayer perceptrons,Sobre las capacidades de los perceptrones multicapa,
A. Lapedes,A. Lapedes,
R. Farber,R. Farber,
How neural networks work,Cómo funcionan las redes neuronales,
Tech. Rep. LA-UR-88-418,Informe Técnico LA-UR-88-418,
Los Alamos Nat. Laboratory,Laboratorio Nacional de Los Álamos,
D. Nguyen,D. Nguyen,
Improving the learning speed of 2-layer neural networks by choosing initial values,Mejora de la velocidad de aprendizaje de redes neuronales de 2 capas eligiendo valores iniciales,
Approximation by superpositions of a sigmoidal function,Aproximación por superposiciones de una función sigmoidea,
"Mathematics of Control, Signals, and Systems","Matemáticas de Control, Señales y Sistemas",
D. Haussler,D. Haussler,
What size net gives valid generalization?,¿Qué tamaño de red da una generalización válida?,
Neural Computation,Computación Neuronal,
J.J. Hopfield,J.J. Hopfield,
D. W. Tank,D. W. Tank,
Neural computations of decisions in optimization problems,Cómputos neuronales de decisiones en problemas de optimización,
K. S. Narendra,K. S. Narendra,
K. Parthasarathy,K. Parthasarathy,
Identification and control of dynamical systems using neural networks,Identificación y control de sistemas dinámicos usando redes neuronales,
JEEE Trans. Neural Networks,Trans. JEEE sobre Redes Neuronales,
C. H. Mays,C. H. Mays,
Adaptive Threshold Logic,Lógica de Umbral Adaptativo,
Tech. Rep. 1557-1,Informe Técnico 1557-1,
"Stanford, CA","Stanford, CA",
F. Rosenblatt,F. Rosenblatt,
On the convergence of reinforcement procedures in simple perceptrons,Sobre la convergencia de procedimientos de refuerzo en perceptrones simples,
Cornell Aeronautical Laboratory,Laboratorio Aeronáutico Cornell,
Report VG-1196-G-4,Informe VG-1196-G-4,
"Buffalo, NY","Buffalo, NY",
H. Block,H. Block,
"The perceptron: A model for brain functioning, 1","El perceptrón: Un modelo para el funcionamiento del cerebro, 1",
Rev. Modern Phys.,Rev. de Física Moderna,
Madaline Rule II,Regla Madaline II,
A New Method for Training Networks of Adalines,Un Nuevo Método para Entrenar Redes de Adalinas,
E. Walach,E. Walach,
The least mean fourth (lmf) adaptive algorithm and its family,El algoritmo adaptativo de media cuadrática mínima (lmf) y su familia,
F. Wilczek,F. Wilczek,
Supervised learning of probability distributions by neural networks,Aprendizaje supervisado de distribuciones de probabilidad por redes neuronales,
D. B. Parker,D. B. Parker,
Optimal algorithms for adaptive neural networks,Algoritmos óptimos para redes neuronales adaptativas,
Proc. 1st IEEE Intl. Conf. on Neural Networks,Actas de la 1.ª Conferencia Internacional IEEE sobre Redes Neuronales,
A. J. Owens,A. J. Owens,
D. L. Filkin,D. L. Filkin,
D. G. Luenberger,D. G. Luenberger,
Linear and Nonlinear Programming,Programación Lineal y No Lineal,
"Reading, MA","Reading, MA",
Addison-Wesley,Addison-Wesley,
A. Kramer,A. Kramer,
A. Sangiovanni-Vincentelli,A. Sangiovanni-Vincentelli,
Efficient parallel learning algorithms for neural networks,Algoritmos de aprendizaje paralelo eficientes para redes neuronales,
Computational Research in Economics and Management Science,Investigación Computacional en Economía y Ciencias de la Gestión,
M.I.T.,M.I.T.,
Apr. 1985,abr. 1985,
R. J. Williams,R. J. Williams,
Learning internal representations by error propagation,Aprendizaje de representaciones internas mediante propagación de errores,
ICS Report 8506,Informe ICS 8506,
Institute for Cognitive Science,Instituto de Ciencias Cognitivas,
University of California at San Diego,Universidad de California en San Diego,
La Jolla,La Jolla,
Sept. 1985,sept. 1985,
Cambridge,Cambridge,
R. Baxter,R. Baxter,
Learning phenomena in layered neural networks,Fenómenos de aprendizaje en redes neuronales en capas,
June 1987,jun. 1987,
R. P. Lippmann,R. P. Lippmann,
An introduction to computing with neural nets,Una introducción a la computación con redes neuronales,
IEEE ASSP Mag.,IEEE ASSP Mag.,
Apr. 1987,abr. 1987,
J. A. Anderson,J. A. Anderson,
E. Rosenfeld,E. Rosenfeld,
Neurocomputing: Foundations of Research,Neurocomputación: Fundamentos de la Investigación,
N. Nilsson,N. Nilsson,
Learning Machines,Máquinas de Aprendizaje,
B. Moore,B. Moore,
Art 1 and pattern clustering,Art 1 y agrupamiento de patrones,
T. Sejnowski,T. Sejnowski,
June 17-26 1988,17-26 de junio de 1988,
San Mateo,San Mateo,
DARPA Neural Network Study,Estudio de Redes Neuronales de DARPA,
Fairfax,Fairfax,
AFCEA International Press,AFCEA International Press,
The truck backer-upper,The truck backer-upper,
self-learning in neural networks,autoaprendizaje en redes neuronales,
Wash.,Wash.,
T. J. Sejnowski,T. J. Sejnowski,
C. R. Rosenberg,C. R. Rosenberg,
Nettalk,Nettalk,
parallel network that learns to read aloud,red paralela que aprende a leer en voz alta,
Tech. Rep. JHU/EECS-86/01,Informe Técnico JHU/EECS-86/01,
Johns Hopkins University,Universidad Johns Hopkins,
Parallel networks that learn to pronounce English text,Redes paralelas que aprenden a pronunciar texto en inglés,
Complex Systems,Sistemas Complejos,
P. M. Shea,P. M. Shea,
V. Lin,V. Lin,
Detection of explosives in checked airline baggage using an artificial neural system,Detección de explosivos en equipaje facturado de aerolíneas mediante un sistema neuronal artificial,
June 1989,jun. 1989,
D. G. Bounds,D. G. Bounds,
P. J. Lloyd,P. J. Lloyd,
B. Mathew,B. Mathew,
G. Waddell,G. Waddell,
multilayer perceptron network,red perceptrón multicapa,
diagnosis of low back pain,diagnóstico del dolor lumbar,
July 1988,jul. 1988,
G. Bradshaw,G. Bradshaw,
R. Fozzard,R. Fozzard,
L. Ceci,L. Ceci,
connectionist expert system,sistema experto conexionista,
Advances in Neural Information Processing Systems I,Avances en Sistemas de Procesamiento de Información Neuronal I,
D. S. Touretzky,D. S. Touretzky,
N. Mokhoff,N. Mokhoff,
Neural nets making the leap out of Jab,Redes neuronales dando el salto fuera de Jab,
Electronic Engineering Times,Electronic Engineering Times,
"Jan. 22, 1990",22 de enero de 1990,
C. A. Mead,C. A. Mead,
Analog VLSI and Neural Systems,VLSI Analógico y Sistemas Neuronales,
Reading,Reading,
M. E. Hoff,M. E. Hoff,
Adaptive switching circuits,Circuitos de conmutación adaptativa,
1960 IRE Western Electric Show and Convention Record,Registro de la Exposición y Convención Occidental de IRE de 1960,
"Aug. 23, 1960",23 de agosto de 1960,
Tech. Rep. 1553-1,Informe Técnico 1553-1,
"June 30, 1960",30 de junio de 1960,
P. M. Lewis,P. M. Lewis,
C. Coates,C. Coates,
Threshold Logic,Lógica de Umbral,
Geometrical and Statistical Properties of Linear Threshold Devices,Propiedades Geométricas y Estadísticas de Dispositivos de Umbral Lineal,
Tech. Rep. 6107-1,Informe Técnico 6107-1,
May 1964,may. 1964,
R. J. Brown,R. J. Brown,
Adaptive Multiple-Output Threshold Systems and Their Storage Capacities,Sistemas de Umbral Adaptativos de Múltiples Salidas y sus Capacidades de Almacenamiento,
Tech. Rep. 6771-1,Informe Técnico 6771-1,
June 1964,jun. 1964,
R. O. Winder,R. O. Winder,
Princeton University,Universidad de Princeton,
Princeton,Princeton,
S. H. Cameron,S. H. Cameron,
An estimate of the complexity requisite in a universal decision network,Una estimación de la complejidad requerida en una red de decisión universal,
Proc. 1960 Bionics Symposium,Actas del Simposio de Biónica de 1960,
Wright Air Development Division Tech. Rep. 60-600,Informe Técnico de la División de Desarrollo Aéreo Wright 60-600,
Dayton,Dayton,
Dec. 1960,dic. 1960,
R. D. Joseph,R. D. Joseph,
The number of orthants in n-space intersected by an s-dimensional subspace,El número de ortantes en el espacio n-dimensional intersecados por un subespacio s-dimensional,
Tech. Memorandum 8,Memorando Técnico 8,
Project PARA,Proyecto PARA,
Buffalo,Buffalo,
D. F. Specht,D. F. Specht,
Generation of Polynomial Discriminant Functions,Generación de Funciones Discriminantes Polinómicas,
a-LMS,a-LMS,
quickprop method,método quickprop,
delta-bar-delta,delta-bar-delta,
FahIman,FahIman,
Jacobs,Jacobs,
Williams and Zipser,Williams y Zipser,
Narendra and Parthasarathy,Narendra y Parthasarathy,
steepest-descent algorithm,algoritmo de descenso más pronunciado,
IIR filters,filtros IIR,
backpropagation through time,retropropagación a través del tiempo,
Nguyen and Widrow,Nguyen y Widrow,
Adalines,Adalines,
Madaline Rule Ill,Regla Madaline III,
MRIII algorithm,algoritmo MRIII,
analog neurocomputing chip,chip neuroinformático analógico,
single Adaline MRIII technique,técnica MRIII de Adaline individual,
multi-element generalization,generalización multielemento,
two-layer feedforward architecture,arquitectura feedforward de dos capas,
Boolean function,función booleana,
networks with more than two layers,redes con más de dos capas,
Nonfinite-order predicate mappings,mapeos de predicados de orden no finito,
connectedness problem,problema de conectividad,
signal feedback,retroalimentación de señal,
Cover,Cover,
feedforward network,red feedforward,
two-layer signum network,red signum de dos capas,
fully connected feedforward network,red feedforward completamente conectada,
signum Adalines,Adalines signum,
Baum's results,resultados de Baum,
deterministic pattern capacity,capacidad de patrón determinista,
upper bound,cota superior,
lower bound,cota inferior,
statistical capacity,capacidad estadística,
single-layer network,red de una sola capa,
multilayer networks,redes multicapa,
learning rules,reglas de aprendizaje,
substrates,sustratos,
invention,invención,
WIDROW AND LEHR,WIDROW Y LEHR,
K. Steinbuch,K. Steinbuch,
V. A. W. Piske,V. A. W. Piske,
Learning matrices,matrices de aprendizaje,
information storage,almacenamiento de información,
networks of adaline 'neurons',redes de neuronas adaline,
Self-Organizing Systems 1962,Sistemas Autoorganizados 1962,
M. Yovitz,M. Yovitz,
G. Jacobi,G. Jacobi,
G. Goldstein,G. Goldstein,
Spartan Books,Spartan Books,
L. Stark,L. Stark,
M. Okajima,M. Okajima,
G. H. Whipple,G. H. Whipple,
Computer pattern recognition techniques,técnicas de reconocimiento de patrones por computadora,
Electrocardiographic diagnosis,diagnóstico electrocardiográfico,
Commun. Ass. Comput. Mach.,Commun. Ass. Comput. Mach.,
Two theorems of statistical separability in the perceptron,Dos teoremas de separabilidad estadística en el perceptrón,
Mechanization of Thought Processes,Mecanización de los Procesos de Pensamiento,
National Physical Laboratory,Laboratorio Nacional de Física,
Principles of Neurodynamics,Principios de Neurodinámica,
Perceptrons,Perceptrones,
Theory of Brain Mechanisms,Teoría de los Mecanismos Cerebrales,
Self-organizing of orientation sensitive cells in the striate cortex,Autoorganización de células sensibles a la orientación en la corteza estriada,
Kybernetik,Kybernetik,
Adaptive pattern classification,clasificación adaptativa de patrones,
universal recoding,recodificación universal,
Parallel development and coding of neural feature detectors,desarrollo paralelo y codificación de detectores de características neuronales,
K. Fukushima,K. Fukushima,
self-organizing multilayered neural network,red neuronal multicapa autoorganizada,
Bootstrap learning,aprendizaje bootstrap,
threshold logic systems,sistemas de lógica umbral,
American Automatic Control Council,American Automatic Control Council,
IFAC Meeting,Reunión de la IFAC,
London,Londres,
England,Inglaterra,
N. K. Gupta,N. K. Gupta,
S. Maitra,S. Maitra,
adaptive threshold systems,sistemas de umbral adaptativo,
A. G. Barto,A. G. Barto,
R. S. Sutton,R. S. Sutton,
C. W. Anderson,C. W. Anderson,
Neuronlike adaptive elements,elementos adaptativos similares a neuronas,
difficult learning control problems,problemas difíciles de control de aprendizaje,
J. S. Albus,J. S. Albus,
manipulator control,control de manipulador,
R. V. Southwell,R. V. Southwell,
Relaxation Methods in Engineering Science,Métodos de Relajación en Ciencias de la Ingeniería,
Oxford,Oxford,
D. J. Wilde,D. J. Wilde,
Optimum Seeking Methods,Métodos de Búsqueda Óptima,
N. Wiener,N. Wiener,
T. Kailath,T. Kailath,
linear filtering theory,teoría de filtrado lineal,
H. Bode,H. Bode,
C. Shannon,C. Shannon,
linear least squares smoothing and prediction theory,teoría de suavizado y predicción por mínimos cuadrados lineales,
Proc. IRE,Actas del IRE,
E. D. Sontag,E. D. Sontag,
H. J. Sussmann,H. J. Sussmann,
Backpropagation separates when perceptrons do,La retropropagación separa cuando los perceptrones lo hacen,
"Wash., DC","Washington, D.C.",
Backpropagation can give rise to spurious local minima even for networks without hidden layers,La retropropagación puede dar lugar a mínimos locales espurios incluso para redes sin capas ocultas,
J. J. Shynk,J. J. Shynk,
S. Roy,S. Roy,
the lms algorithm with momentum updating,el algoritmo LMS con actualización de momento,
ISCAS 88,ISCAS 88,
"Espoo, Finland","Espoo, Finlandia",
S. E. Fahlman,S. E. Fahlman,
Faster learning variations on backpropagation: An empirical study,Variaciones de aprendizaje más rápido en retropropagación: Un estudio empírico,
R.A. Jacobs,R.A. Jacobs,
Increased rates of convergence through learning rate adaptation,Mayores tasas de convergencia mediante adaptación de la tasa de aprendizaje,
F. J. Pineda,F. J. Pineda,
Generalization of backpropagation to recurrent neural networks,Generalización de la retropropagación a redes neuronales recurrentes,
Phys. Rev. Lett.,Cartas de Revisión Física,
L. B. Almeida,L. B. Almeida,
A learning rule for asynchronous perceptrons with feedback in a combinatorial environment,Una regla de aprendizaje para perceptrones asíncronos con retroalimentación en un entorno combinatorio,
D. Zipser,D. Zipser,
A learning algorithm for continually running fully recurrent neural networks,Un algoritmo de aprendizaje para redes neuronales totalmente recurrentes en ejecución continua,
ICS Report 8805,Informe ICS 8805,
Inst. for Cog. Sci.,Instituto de Ciencias Cognitivas,
"La Jolla, CA","La Jolla, California",
S. A. White,S. A. White,
An adaptive recursive digital filter,Un filtro digital recursivo adaptativo,
Proc. 9th Asilomar Conf. Circuits Syst. Comput.,"Actas de la 9.ª Conferencia Asilomar sobre Circuitos, Sistemas y Computación",
B. Pearlmutter,B. Pearlmutter,
Learning state space trajectories in recurrent neural networks,Aprendizaje de trayectorias en el espacio de estados en redes neuronales recurrentes,
M. Holler,M. Holler,
An electrically trainable artificial neural network (etann) with 10240 ‘floating gate’ synapses,Una red neuronal artificial entrenable eléctricamente (ETANN) con 10240 sinapsis de ‘puerta flotante’,
D. Andes,D. Andes,
M. Lehr,M. Lehr,
E. Wan,E. Wan,
MRIII: A robust algorithm for training analog neural networks,MRIII: Un algoritmo robusto para entrenar redes neuronales analógicas,
LMS,LMS,
instantaneous gradient,gradiente instantáneo,
true gradient,gradiente verdadero,
training set,conjunto de entrenamiento,
linear error,error lineal,
average signal power,potencia de señal promedio,
autocorrelation matrix,matriz de autocorrelación,
minimum MSE solution,solución MSE mínima,
weight space,espacio de pesos,
Horowitz and Senne,Horowitz y Senne,
weight vector,vector de pesos,
zero-mean Gaussian process,proceso gaussiano de media cero,
optimal Wiener solution,solución óptima de Wiener,
p-LMS algorithm,algoritmo p-LMS,
step size,tamaño de paso,
MSE function,función MSE,
p-LMS,p-LMS,
learning constant,constante de aprendizaje,
gradient noise,ruido de gradiente,
voice synthesizer,sintetizador de voz,
Sejnowski,Sejnowski,
Rosenberg,Rosenberg,
Boltzmann learning method,método de aprendizaje de Boltzmann,
articulatory features,características articulatorias,
stress and syllable boundaries,límites de acentuación y sílaba,
phonetic features,características fonéticas,
ASCII code,código ASCII,
machine vision,visión artificial,
artificial intelligence,inteligencia artificial,
von Neumann computers,computadoras von Neumann,
biological nervous systems,sistemas nerviosos biológicos,
artificial neural networks,redes neuronales artificiales,
vehicular control simulations,simulaciones de control vehicular,
speech generation,generación de voz,
undersea mine detection,detección de minas submarinas,
airport explosive detection,detección de explosivos en aeropuertos,
expert systems,sistemas expertos,
neural network hardware,hardware de redes neuronales,
speech recognition,reconocimiento de voz,
adaptive linear combiner,combinador lineal adaptativo,
input pattern vector,vector de patrón de entrada,
Degg,Degg,
output-layer,capa de salida,
Fig. 11,Fig. 11,
Three-layer adaptive neural network,red neuronal adaptativa de tres capas,
training,entrenamiento,
error signals,señales de error,
adaptation,adaptación,
layered network,red en capas,
hidden-layer Adalines,Adalines de capa oculta,
Madaline II algorithm,algoritmo Madaline II,
Rumelhart et al.,Rumelhart et al.,
four-layer network,red de cuatro capas,
input layer,capa de entrada,
computing elements,elementos de cómputo,
LEHR,Lehr,
generalized backpropagation method,método de retropropagación generalizado,
high-order networks,redes de alto orden,
o-2 networks,redes o-2,
polynomial preprocessor,preprocesador polinomial,
translation invariance,invariancia a la traslación,
rotation invariance,invariancia a la rotación,
scale invariance,invariancia a la escala,
time invariance,invariancia temporal,
Fourier transform,transformada de Fourier,
Mellin transform,transformada de Mellin,
neural preprocessors,preprocesadores neuronales,
Giles,Giles,
Maxwell,Maxwell,
averaging approach,enfoque de promediado,
high-order threshold logic units,unidades lógicas de umbral de alto orden,
Zernike moments,momentos de Zernike,
graph matching,emparejamiento de grafos,
spatially repeated feature detectors,detectores de características repetidos espacialmente,
time-averaged outputs,salidas promediadas temporalmente,
network topologies,topologías de red,
nonlinear classifiers,clasificadores no lineales,
pattern capacity,capacidad de patrones,
fixed preprocessor,preprocesador fijo,
smooth nonlinearities,no linealidades suaves,
preprocessing network,red de preprocesamiento,
Cover's Adaline capacity theory,teoría de capacidad de Adaline de Cover,
statistical pattern capacity,capacidad de patrones estadística,
job assigner,asignador de tareas,
linear-output information,información de salida lineal,
load sharing,distribución de carga,
first layer,primera capa,
pattern presentation sequence,secuencia de presentación de patrones,
cyclic presentation,presentación cíclica,
cycle of adaptation,ciclo de adaptación,
adaptive system,sistema adaptativo,
Ridgway,Ridgway,
adapt cycle,ciclo de adaptación,
division of responsibility,división de responsabilidad,
training problem,problema de entrenamiento,
adaptation process,proceso de adaptación,
error probability,probabilidad de error,
algorithm,algoritmo,
local optima,óptimos locales,
Madaline structure,estructura de Madaline,
adaptive logic element,elemento lógico adaptativo,
fixed logic,lógica fija,
MRI adaptation rule,regla de adaptación MRI,
Hoff,Hoff,
or gate,puerta OR,
desired output,salida deseada,
linear output,salida lineal,
output decision,decisión de salida,
dead-zone constraint,restricción de zona muerta,
error correction,corrección de errores,
minimal weight change,cambio mínimo de peso,
multilayer binary network,red binaria multicapa,
MRII,MRII,
two-layer MRI network,red MRI de dos capas,
MRII rule,regla MRII,
first-layer Adaline,Adalines de primera capa,
Desired Response,Respuesta Deseada,
adaptive threshold element,elemento de umbral adaptativo,
quantizer error,error del cuantizador,
Perceptron convergence procedure,procedimiento de convergencia del Perceptrón,
input vector,vector de entrada,
a-LMS algorithm,algoritmo a-LMS,
normalized linear error,error lineal normalizado,
LMS rule,regla LMS,
stability,estabilidad,
convergence time,tiempo de convergencia,
binary desired responses,respuestas deseadas binarias,
training patterns,patrones de entrenamiento,
decision function,función de decisión,
linearly separable,linealmente separable,
Perceptron algorithm,algoritmo del Perceptrón,
switching function,función de conmutación,
adaptive element,elemento adaptativo,
MRIII,MRIII,
signum nonlinearities,no linealidades signo,
sigmoids,sigmoideas,
MSE surface,superficie del ECM,
Section VI-B,Sección VI-B,
gradient descent,descenso de gradiente,
perturbation,perturbación,
linear sum,suma lineal,
Hamming error,error de Hamming,
LMS direction,dirección LMS,
X-vector,X-vector,
binary +1 desired responses,respuestas deseadas binarias +1,
sum square error,error cuadrático medio,
MRI,MRI,
Euclidean error,error euclídeo,
"WIDROW AND LEHR: PERCEPTRON, MADALINE, AND BACKPROPAGATION","WIDROW Y LEHR: PERCEPTRON, MADALINE Y RETROPROPAGACIÓN",
dead zone,zona muerta,
Mays’s increment adaptation rule,regla de adaptación incremental de Mays,
modified relaxation,relajación modificada,
quantizer output,salida del cuantificador,
Eq. (17),Ecuación (17),
learning rate,tasa de aprendizaje,
pattern separation,separación de patrones,
Multilayer network,red multicapa,
ERROR-CORRECTION RULES—MULTI-ELEMENT NETWORKS,REGLAS DE CORRECCIÓN DE ERRORES—REDES MULTIELEMENTO,
Widrow-Hoff Madaline rule,regla Madaline de Widrow-Hoff,
Madaline Rule I,Regla Madaline I,
fixed-threshold-logic element,elemento lógico de umbral fijo,
WIDR,WIDR,
OW AND LEHR,OW AND LEHR,
sigmoid network,red sigmoide,
signum network,red signo,
Ada- line,Adalina,
Mays's rules,reglas de Mays,
Perceptron procedure,procedimiento del Perceptrón,
MRI! rule,regla MRI,
multilayer Madalines,Madalines multicapa,
least mean square,mínimo error cuadrático medio,
SINGLE THRESHOLD ELEMENT,Elemento de Umbral Único,
Gradient rules,reglas de gradiente,
linear problems,problemas lineales,
u-LMS algorithm,algoritmo u-LMS,
normalized training set,conjunto de entrenamiento normalizado,
Wiener solution,solución de Wiener,
input correlation matrix,matriz de correlación de entrada,
crosscorrelation,correlación cruzada,
normalized input,entrada normalizada,
normalized desired response,respuesta deseada normalizada,
learning constants,constantes de aprendizaje,
stable ranges,rangos estables,
Nonlinear Rules,Reglas no lineales,
Adaline elements,elementos Adaline,
nonlinearity,no linealidad,
sigmoid type,tipo sigmoide,
saturation,saturación,
decision making,toma de decisiones,
adaptivity,adaptabilidad,
sigmoid Adaline,Adaline sigmoide,
sigmoidal nonlinearity,no linealidad sigmoidal,
sigmoid error,error sigmoide,
steepest descent,descenso más pronunciado,
z-LMS algorithm,algoritmo z-LMS,
signum error,error signo,
R-matrix,matriz R,
nonlinear neural networks,redes neuronales no lineales,
sigmoid networks,redes sigmoides,
internal representations,representaciones internas,
binary codes,códigos binarios,
decision regions,regiones de decisión,
signum networks,redes signo,
Shannon information capacity,capacidad de información de Shannon,
binary element,elemento binario,
signum,signo,
linear combiner,combinador lineal,
mean square of the output error,error cuadrático medio del error de salida,
STEEPEST-DESCENT RULES—MULTI-ELEMENT NETWORKS,REGLAS DE DESCENSO MÁS RÁPIDO—REDES MULTIELEMENTO,
MSE,ECM,
Madaline Rule III,Regla Madaline III,
backpropagation rule,regla de retropropagación,
momentum technique,técnica de momento,
weight change vector,vector de cambio de peso,
momentum constant,constante de momento,
Shynk and Roy,Shynk y Roy,
normalized weight update equation,ecuación de actualización de pesos normalizada,
Euclidean distance,distancia euclidiana,
method of steepest descent,método del descenso más pronunciado,
gradient,gradiente,
Adaline element,elemento Adaline,
error-correction rules,reglas de corrección de errores,
mean-square error,error cuadrático medio,
linear rules,reglas lineales,
threshold element,elemento de umbral,
quadratic function,función cuadrática,
input pattern,patrón de entrada,
stationary ergodic ensembles,ensambles ergódicos estacionarios,
ensemble average,promedio de ensamble,
majority element,elemento mayoritario,
MAJ,MAJ,
Rosenblatt's Perceptron rule,regla del Perceptrón de Rosenblatt,
PROCEEDINGS OF THE IEEE,PROCEEDINGS OF THE IEEE,
VOL. 78,VOL. 78,
NO. 9,NO. 9,
SEPTEMBER 1990,SEPTIEMBRE 1990,
Separating,Separación,
Elliptical separating boundary,Frontera de separación elíptica,
Barron and Barron,Barron y Barron,
lvankhnenko,lvankhnenko,
Soviet Union,Unión Soviética,
polynomial approach,enfoque polinómico,
adaptive nonlinear discriminant functions,funciones discriminantes no lineales adaptativas,
polynomial discriminant function,función discriminante polinómica,
Specht,Specht,
noniterative training procedure,procedimiento de entrenamiento no iterativo,
gradient descent procedure,procedimiento de descenso de gradiente,
global solution,solución global,
Taylor series,serie de Taylor,
desired response function,función de respuesta deseada,
trigonometric terms,términos trigonométricos,
multidimensional Fourier series decomposition,descomposición en serie de Fourier multidimensional,
periodic version,versión periódica,
preprocessing functions,funciones de preprocesamiento,
single-layer networks,redes de una sola capa,
trainable preprocessors,preprocesadores entrenables,
trainable layered neural networks,redes neuronales en capas entrenables,
Glanz,Glanz,
memistors,memistores,
electrically variable resistors,resistores eléctricamente variables,
Retinal inputs,Entradas retinianas,
fixed logic device,dispositivo lógico fijo,
system output,salida del sistema,
Fig. 8,Fig. 8,
LMS (least mean square) algorithm,algoritmo LMS (mínimos cuadrados medios),
Widrow-Hoff delta rule,regla delta de Widrow-Hoff,
multi-element neural network,red neuronal multielemento,
weight vectors,vectores de pesos,
adaptive linear element,elemento lineal adaptativo,
hard-limiting quantizer,cuantizador de limitación dura,
bias weight,peso de sesgo,
threshold level,nivel umbral,
Linear Separability,Separabilidad Lineal,
summing junction,unión sumadora,
error derivative,derivada del error,
square error derivative,derivada del error cuadrático,
output layer,capa de salida,
hidden layer,capa oculta,
chain rule,regla de la cadena,
square-error derivative,derivada del error cuadrático,
threshold weight,peso umbral,
general position,posición general,
pattern vectors,vectores de patrón,
linearly independent set,conjunto linealmente independiente,
homogeneous hyperplane,hiperplano homogéneo,
Winder,Winder,
Cameron,Cameron,
Joseph,Joseph,
linear classifier,clasificador lineal,
fixed preprocessing network,red de preprocesamiento fija,
single adaptive element,elemento adaptativo único,
multi-element feedforward neural network,red neuronal feedforward de múltiples elementos,
nonlinear decision boundaries,fronteras de decisión no lineales,
sigmoid Adaline element,elemento Adaline sigmoide,
sample derivative,derivada muestral,
analytical derivative,derivada analítica,
weight updates,actualizaciones de pesos,
sigmoid non-linearities,no linealidades sigmoideas,
derivative functions,funciones derivadas,
perturbation measurements,mediciones de perturbación,
sigmoid implementations,implementaciones sigmoideas,
Steepest-descent training,entrenamiento de descenso de gradiente,
forward computation,cálculo hacia adelante,
backward computation,cálculo hacia atrás,
unperturbed error,error no perturbado,
perturbed error measurements,mediciones de error perturbado,
analog hardware,hardware analógico,
backward propagation of error-related signals,propagación hacia atrás de señales relacionadas con el error,
thresholding condition,condición de umbralización,
separating line,línea separadora,
separating hyperplane,hiperplano separador,
pattern space,espacio de patrones,
binary input patterns,patrones de entrada binarios,
linearly separable function,función linealmente separable,
exclusive Nor function,función O exclusiva,
logic functions,funciones lógicas,
Capacity of Linear Classifiers,Capacidad de los Clasificadores Lineales,
stimuli,estímulos,
inequality constraint,restricción de desigualdad,
simultaneous inequalities,desigualdades simultáneas,
binary patterns,patrones binarios,
layered sigmoid networks,redes sigmoidales en capas,
degrees of freedom,grados de libertad,
weights,pesos,
initial weight conditions,condiciones iniciales de los pesos,
generalization performance,rendimiento de generalización,
training set size,tamaño del conjunto de entrenamiento,
Nonlinear Classifier Application,Aplicación de Clasificador No Lineal,
Sejnowski and Rosenberg,Sejnowski y Rosenberg,
Hopfield networks,redes de Hopfield,
Eqs. (12) and (13),Ecs. (12) y (13),
adaptation cycle,ciclo de adaptación,
convergence,convergencia,
nonstationary environments,entornos no estacionarios,
speed of convergence,velocidad de convergencia,
input pattern vectors,vectores de patrones de entrada,
Total error correction,Corrección total del error,
self-normalizing algorithm,algoritmo de auto-normalización,
weight update,actualización de pesos,
binary +1 inputs,entradas binarias +1,
number of weights,número de pesos,
binary inputs,entradas binarias,
symmetric inputs +1 and -1,entradas simétricas +1 y -1,
Figure 12,Figura 12,
a-LMS rule,regla a-LMS,
Eq. (13),Ec. (13),
Eq. (12),Ec. (12),
negative dot product,producto punto negativo,
Hath Hf Hy,Hath Hf Hy,
sigmoidal network,red sigmoide,
simulated annealing,recocido simulado,
Widrow and Hoff,Widrow y Hoff,
Mays' rules,reglas de Mays,
Madaline I rule,regla Madaline I,
Madaline II rule,regla Madaline II,
n-LMS algorithm,algoritmo n-LMS,
Madaline III rule,regla Madaline III,
backpropagation training,entrenamiento por retropropagación,
input pattern vector X,vector de patrón de entrada X,
output response vector Y,vector de respuesta de salida Y,
adaptive machinery,mecanismo adaptativo,
network training speed,velocidad de entrenamiento de la red,
input space,espacio de entrada,
fixed-increment rule,regla de incremento fijo,
absolute-correction version,versión de corrección absoluta,
Mays's Algorithms,Algoritmos de Mays,
increment adaptation rule,regla de adaptación por incremento,
modified relaxation adaptation rule,regla de adaptación por relajación modificada,
Mays's increment adaptation algorithm,algoritmo de adaptación por incremento de Mays,
normalized version,versión normalizada,
weight increment vector,vector de incremento de pesos,
Nilsson,Nilsson,
trial adaptation,adaptación de prueba,
binary output,salida binaria,
bit inversion,inversión de bit,
weight adaptation,adaptación de pesos,
linear-output magnitudes,magnitudes de salida lineal,
training pattern,patrón de entrenamiento,
linear rule,regla lineal,
Perceptron Learning Rule,Regla de aprendizaje del perceptrón,
Mays,Mays,
statistical pattern capacity C,capacidad de patrón estadístico C,
input patterns,patrones de entrada,
deterministic pattern capacity C,capacidad de patrón determinista C,
two-category pattern classification,clasificación de patrones de dos categorías,
Fig. 5,Fig. 5,
hyperbolic tangent function,función tangente hiperbólica,
Adaptive linear element (Adaline),Elemento lineal adaptativo (Adaline),
linearly separable logic functions,funciones lógicas linealmente separables,
threshold logic functions,funciones lógicas de umbral,
pattern vector space,espacio de vectores de patrones,
Backpropagation for Networks,Retropropagación para Redes,
hard-limiting nonlinearities,no linealidades de limitación dura,
single sigmoid Adaline,Adaline sigmoide simple,
multi-element networks,redes multielemento,
instantaneous error gradient,gradiente de error instantáneo,
Adaptive Control and Signal Processing,Control Adaptativo y Procesamiento de Señales,
Information Sciences,Ciencias de la Información,
S. D. Stearns,S. D. Stearns,
Prentice Hall,Prentice Hall,
Dr. Widrow,Dr. Widrow,
MIT,MIT,
American Association of University Professors,Asociación Estadounidense de Profesores Universitarios,
Pattern Recognition Society,Sociedad de Reconocimiento de Patrones,
Sigma Xi,Sigma Xi,
Tau Beta Pi,Tau Beta Pi,
American Association for the Advancement of Science,Asociación Estadounidense para el Avance de la Ciencia,
International Neural Network Society,Sociedad Internacional de Redes Neuronales,
IEEE Alexander Graham Bell Medal,Medalla IEEE Alexander Graham Bell,
New Jersey,Nueva Jersey,
B.E.E. degree,título B.E.E.,
Georgia,Georgia,
Motorola,Motorola,
Ft. Lauderdale,Ft. Lauderdale,
Florida,Florida,
Manassas,Manassas,
Virginia,Virginia,
General Radiotelephone Operator License,Licencia General de Operador de Radiotelefonía,
trained sigmoidal network,red sigmoidal entrenada,
backpropagation learning process,proceso de aprendizaje de retropropagación,
first-layer weights,pesos de la primera capa,
third-layer weight,peso de la tercera capa,
untrained network,red no entrenada,
backpropagation iteration,iteración de retropropagación,
weight update rule,regla de actualización de pesos,
matrix,matriz,
convex hyperparaboloidal surface,superficie hiperparaboloide convexa,
bias component,componente de sesgo,
Madaline I,Madaline I,
or element,elemento OR,
Koford,Koford,
early 1960s,principios de la década de 1960,
output elements,elementos de salida,
statistical storage capacity,capacidad de almacenamiento estadístico,
Madaline | network,red Madaline,
adaptive weights,pesos adaptativos,
statistical capacity C,capacidad estadística C,
number of bits of information,número de bits de información,
critical thresholding condition,condición de umbral crítico,
separating boundary,frontera de separación,
linearly separable functions,funciones linealmente separables,
nonlinearities,no linealidades,
polynomial functions,funciones polinómicas,
polynomial discriminants,discriminantes polinómicos,
electrocardiographic signals,señales electrocardiográficas,
Adaptive,Adaptativo,
Element,Elemento,
Output,Salida,
Input,Entrada,
Decision,Decisión,
Threshold,Umbral,
a-Perceptron,a-Perceptrón,
"VOL. 78, NO. 9, SEPTEMBER 199","VOL. 78, NO. 9, SEPTIEMBRE DE 199",
kth input vector,k-ésimo vector de entrada,
nonlinear sigmoid,sigmoides no lineal,
AND,AND,
feedfoward neural networks,redes neuronales de avance directo,
back-propagation networks,redes de retropropagación,
fully connected three-layer feedforward adaptive network,red adaptativa de avance directo completamente conectada de tres capas,
Desired,Deseado,
Response,Respuesta,
MRII!,MRII!,
MSE surfaces,superficies de ECM,
Fig. 9,Fig. 9,
Two-Adaline form,Forma de dos Adalinas,
AND logic device,dispositivo lógico AND,
Rosenblatt’s Perceptron learning rule,regla de aprendizaje del Perceptrón de Rosenblatt,
1960,1960,
Widrow and Hoff’s LMS rule,regla LMS de Widrow y Hoff,
1959,1959,
Fig. 14,Fig. 14,
Pattern,Patrón,
Vector,Vector,
Device,Dispositivo,
Quantizer,Cuantificador,
SEPTEMBER,septiembre,
analog implementations,implementaciones analógicas,
signum devices,dispositivos signum,
sigmoid devices,dispositivos sigmoide,
Fig. 25,Fig. 25,
AND gate,puerta AND,
majority-vote-taker,tomador de votos por mayoría,
Eq. (10),Ec. (10),
error,error,
definition (11),definición (11),
desired responses,respuestas deseadas,
normalizing,normalización,
gradient estimate,estimación del gradiente,
Derrick Nguyen,Derrick Nguyen,
Madaline II architecture,arquitectura Madaline II,
y-LMS,y-LMS,
Backprop,Retropropagación,
k Algorithm,algoritmo k,
filtering,filtrado,
images,imágenes,
brains,cerebros,
solid-state operational amplifiers,amplificadores operacionales de estado sólido,
logic gates,compuertas lógicas,
Madalines,Madalines,
1960s,década de 1960,
truck backup sequence,secuencia de retroceso de camión,
Binary,Binario,
Polynomial,Polinomio,
Preprocessor,Preprocesador,
logical neuron,neurona lógica,
neural cell body,cuerpo de la célula neural,
"Fellow, IEEE","Fellow, IEEE",
Steepest Error Descent Correction Rules,Reglas de Corrección del Descenso más Pronunciado del Error,
Layered,En Capas,
Single,Único,
Network Element,Elemento de Red,
Network,Red,
